,word
0,fachiste
1,agresseur
2,enrayeur
3,turquisant
4,écarquilleur
5,consolateur
6,pigiste
7,échographiste
8,greneur
9,otorhinolaryngologiste
10,bhoutanais
11,mythiste
12,essoucheur
13,coronarien
14,cyberdélinquant
15,éconergéticien
16,impotent
17,arbitriste
18,maugrebin
19,chipeur
20,damasseur
21,acuponcteur
22,corécipiendaire
23,mozambicain
24,chilien
25,égyptologiste
26,naziste
27,schtroumpfien
28,polymagicien
29,conjonctif
30,relativiste
31,analyste-programmeur
32,dialogueur
33,vivelarmiste
34,albanisant
35,néonationaliste
36,renniculteur
37,coketier
38,scénarimagiste
39,automoteur
40,poutiniste
41,sériculteur
42,marimbiste
43,anticontagionniste
44,clopineux
45,gambillard
46,sud-américain
47,patapoliticien
48,phytosociologiste
49,orvalien
50,qatarien
51,zoukeur
52,étampeur
53,antichrétien
54,annoncier
55,mycophytopathologiste
56,asiatisant
57,demi-grossiste
58,espadonneur
59,missaire
60,notateur
61,chatouilleur
62,viennois
63,pilonnier
64,péquiste
65,bangladais
66,berdelleur
67,purificateur
68,tannant
69,préopinant
70,tossafiste
71,améliorateur
72,hurdler
73,survivaliste
74,anti-nationaliste
75,sadiste
76,comparant
77,taïkonaute
78,culturiste
79,prêtrophobe
80,byzantin
81,retrayant
82,contemplateur
83,striqueur
84,libitinaire
85,réfectorier
86,classard
87,blasonneur
88,cinghalais
89,fontenier
90,koteur
91,capésien
92,propharmacien
93,thermorégulateur
94,culturaliste
95,potasseur
96,maïmoniste
97,enverdeur
98,filotier
99,glorificateur
100,stipulaire
101,déshabilleur
102,gabarrier
103,tennisseur
104,capilliculteur
105,tisonneur
106,archaïsant
107,arriviste
108,trembloteur
109,amadoueur
110,parcheminier
111,perpétuateur
112,cégépien
113,tabagiste
114,arachnologiste
115,consuétudinaire
116,platiniste
117,lunettier
118,beverarien
119,paqueur
120,maréchaliste
121,narcotrafiquant
122,co-belligérant
123,immolateur
124,souscrivant
125,renverseur
126,biométriste
127,monopolisateur
128,enfourneur
129,tonkinois
130,est-allemand
131,antenois
132,accédant
133,charollais
134,empiriste
135,wallon
136,ménageur
137,luxembourgiste
138,patriotard
139,forfaitiste
140,bandagiste
141,animiste
142,bilotier
143,cyberdjihadiste
144,atmosphériste
145,ordinaticien
146,timorais
147,chalant
148,houtiste
149,shampouineur
150,chalumiste
151,conjurateur
152,amérindianisant
153,laxiste
154,violiniste
155,siamisant
156,rapineur
157,individualiste
158,trompeur
159,antiautoritaire
160,échéquiste
161,picpucien
162,galiéniste
163,atatürkiste
164,discuteur
165,dépositeur
166,sensualiste
167,cuivriste
168,accordéoneux
169,corsiste
170,saucissier
171,clôturiste
172,méléagriculteur
173,priveur
174,associationniste
175,clicheur
176,freiniste
177,éonien
178,tacticien
179,neutronicien
180,lesteur
181,gélatineur
182,matinalier
183,antirépublicain
184,inconstructif
185,hansénien
186,enjambeur
187,achthéographe
188,bondageur
189,convulsionnaire
190,occasionneur
191,charivariste
192,moderniste
193,dépolisseur
194,esthonien
195,asturien
196,suppressioniste
197,anglo-américain
198,réclamateur
199,transgresseur
200,tchékiste
201,infographe
202,cachottier
203,godichon
204,vlimeux
205,ougandais
206,audio-prothésiste
207,synergiste
208,paléolithicien
209,candidataire
210,scientiste
211,fondamentaliste
212,origamiste
213,dégrafeur
214,antirevisionniste
215,adjudicateur
216,combineur
217,stadier
218,antiparlementariste
219,théâtreux
220,filassier
221,braiseux
222,rossiniste
223,altérateur
224,géorgien
225,permanentiste
226,fripouillard
227,mileuriste
228,nétiquettiste
229,avocassier
230,envideur
231,cameloteur
232,dabiste
233,désodoriseur
234,crucifieur
235,isolationniste
236,accitanien
237,vertugadier
238,filloniste
239,chartrain
240,yogiste
241,dégoutant
242,brocardeur
243,namurois
244,abbevillois
245,lambineux
246,manubiaire
247,co-locataire
248,godardien
249,efférent
250,énonciateur
251,amonceleur
252,éventeur
253,combatif
254,franco-américain
255,zimmerwaldiste
256,libre-penseur
257,bosnien
258,pleurnichard
259,photocompositeur
260,himalayiste
261,remmailleur
262,vélophobe
263,jerseyais
264,centrafricain
265,magasineur
266,vice-directeur
267,bisseur
268,détourneur
269,éphésien
270,déchiqueteur
271,pomiculteur
272,psychomotricien
273,récriminateur
274,antenais
275,cambrousier
276,macroéconomiste
277,philuméniste
278,esquiveur
279,tentateur
280,géocartographe
281,languedocien
282,gageur
283,argotiste
284,tout-parisien
285,graphicien
286,débitant
287,intérimiste
288,fleurettiste
289,dévorateur
290,couvreur-zingueur
291,gallo-romain
292,périodontiste
293,audioprothésiste
294,queneliste
295,moucheur
296,keynésianiste
297,optimiste
298,cybernaute
299,fidjien
300,gbagbiste
301,holiste
302,nobéliste
303,kadhafiste
304,garde-forestier
305,nautonnier
306,dépisteur
307,testard
308,antimaïmoniste
309,dilettantiste
310,attifeur
311,problémiste
312,lituanisant
313,intégraliste
314,néo-socialiste
315,harmonicien
316,éjaculateur
317,somalien
318,ordinand
319,népalisant
320,allophobe
321,norrois
322,balbutieur
323,judicateur
324,fétichiste
325,pyrétologiste
326,caténairiste
327,snobard
328,antithétaire
329,astrologien
330,numismatographe
331,boursicotier
332,criailleur
333,célibattant
334,lithologiste
335,modelliste
336,jihadiste
337,vomisseur
338,douteux
339,pétrographe
340,antiaméricain
341,jéciste
342,lanlaire
343,rôleur
344,néoconservateur
345,glisseur
346,anuptaphobe
347,cibliste
348,fauviste
349,assaillant
350,magnéticien
351,plus-disant
352,ajouteur
353,perscrutateur
354,stercoraniste
355,optométriste
356,mercantiliste
357,dibaptiste
358,cosignataire
359,argumenteur
360,avant-dernier
361,recéleur
362,brandisseur
363,tapiokiste
364,psychomancien
365,précisien
366,mordeur
367,actionniste
368,nawakiste
369,pétiniste
370,effiloqueur
371,néopythagoricien
372,distributionaliste
373,astineux
374,cossonnier
375,commodant
376,capotier
377,fébronien
378,tzar
379,logopédiste
380,birmanisant
381,contemplatif
382,prélatiste
383,convulsionniste
384,luxembourgeois
385,éclecticien
386,antiparlementaire
387,colombien
388,solidaire
389,praticulteur
390,celliste
391,frelateur
392,brissotin
393,faunisticien
394,jupitérien
395,uromante
396,taïwanais
397,vénizéliste
398,engraisseur
399,messaliste
400,anticommuniste
401,transplanteur
402,aroniste
403,galicien
404,quarante-neuf
405,néopositiviste
406,mégrétiste
407,chainetier
408,gournablier
409,collateur
410,gamahucheur
411,malechanceux
412,énonceur
413,webjournaliste
414,duplicateur
415,curieux
416,caleçonnier
417,vétéciste
418,fuégien
419,coquard
420,métempsychosiste
421,semi-arien
422,agographe
423,rancunier
424,contraltiste
425,chevènementiste
426,chapier
427,boueux
428,toxicochimiste
429,retirante
430,soucoupiste
431,jobiste
432,aplaneur
433,überconsommateur
434,clubbeur
435,griveleur
436,berlinois
437,rhodien
438,exportateur
439,flexitarien
440,ignacien
441,novéliste
442,ensacheur
443,effaneur
444,rigoleur
445,éco-garde
446,jaugeur
447,calembourdiste
448,écloseur
449,cardio-chirurgien
450,entêteur
451,fêlatier
452,plaignant
453,cliodynamicien
454,paléoartiste
455,détentionnaire
456,plumiste
457,œilletiste
458,adultescent
459,crâneur
460,ethniste
461,participationniste
462,hollandiste
463,cachotier
464,dauphinois
465,intentionnaliste
466,règlementariste
467,numismatiste
468,kinois
469,fureteur
470,carlovingien
471,androphobe
472,ondioliniste
473,cyclopien
474,ultra-réactionnaire
475,gravettien
476,agnosticiste
477,guyanien
478,peleur
479,caucasien
480,silhouettiste
481,saturnien
482,baqueux
483,biathlonien
484,caimandeur
485,intervalliste
486,encenseur
487,troqueur
488,bolognais
489,bokononiste
490,schtroumpfeur
491,dogmaticien
492,mercurien
493,érastien
494,individuelliste
495,monopoliste
496,gymnasien
497,tributaire
498,pafiste
499,nécessarien
500,baziniste
501,antiscien
502,cotillonneur
503,antisioniste
504,salonneur
505,djihadiste
506,nantisseur
507,politiste
508,titilleur
509,fécondateur
510,chaudard
511,contrapontiste
512,endoctrineur
513,verviétois
514,béhavioriste
515,consommacteur
516,payeur
517,énoueur
518,sensationiste
519,victorien
520,civilisateur
521,paralympien
522,camerounais
523,culard
524,triomphant
525,épépineur
526,platonien
527,euscarien
528,télétravailleur
529,grenetier
530,alexandrin
531,franco-allemand
532,fesseur
533,lakiste
534,forgeur
535,zoophytographe
536,ergomotricien
537,agroforestier
538,libidineux
539,cofinaliste
540,bouveteur
541,hitlérien
542,géobiologiste
543,taiseux
544,dialogiste
545,robeur
546,araucanien
547,pianoteur
548,cancéreux
549,pronétaire
550,quesneliste
551,indo-européiste
552,hébergeur
553,bahamien
554,kiosquiste
555,flicard
556,aglutinatif
557,liguiste
558,brelandinier
559,fripeur
560,postdoctorant
561,trusteur
562,fusionniste
563,mongolien
564,sismotectonicien
565,blondier
566,descriptiviste
567,déposeur
568,éteigneur
569,sodomiste
570,franco-canadien
571,créditiste
572,aliénataire
573,germain
574,espalmeur
575,lepéniste
576,éternueur
577,entasseur
578,adéquiste
579,philippin
580,cubiste
581,métalleux
582,parodontiste
583,applicant
584,épateur
585,cabasseur
586,lacanien
587,avilisseur
588,bayeur
589,sanskritiste
590,malouin
591,graphiateur
592,saoudien
593,animalculiste
594,népalais
595,azérisant
596,téléprospecteur
597,balloniste
598,bafouilleur
599,régionaliste
600,hindoustaniste
601,plébiscitaire
602,ramiste
603,zaydiste
604,inclusioniste
605,nucléariste
606,goureur
607,palestinisant
608,isoleur
609,pédégouine
610,parachiste
611,pascalien
612,vélomotoriste
613,entérologiste
614,magnaudeur
615,phœniciculteur
616,structuraliste
617,cafteur
618,cénétiste
619,somnoleur
620,machiste
621,négationniste
622,congolais
623,démonologiste
624,circonvoisin
625,nantais
626,latitudinariste
627,nippon
628,plaideur
629,soiffeur
630,zenniste
631,signeur
632,bayonnais
633,conversationneur
634,conciliateur
635,glaciairiste
636,akkadien
637,siennois
638,ovaliste
639,arrogant
640,octavien
641,tropézien
642,dérobeur
643,caroubleur
644,persiffleur
645,ethnolinguiste
646,staliniste
647,silloniste
648,islamisant
649,urgentiste
650,touilleur
651,phytopharmacien
652,cabarettiste
653,moins-que-rien
654,tandémiste
655,soutenant
656,disputeur
657,néo-colonialiste
658,temporisateur
659,chialeur
660,fraisiériste
661,récoltant
662,landais
663,tromboniste
664,fustigeur
665,thermaliste
666,catalographe
667,faignant
668,crawleur
669,sizainier
670,libertarien
671,schtroumpfeux
672,amérindianiste
673,initiateur
674,savoisien
675,fasciste
676,supplanteur
677,baiseur
678,tripleur
679,tucard
680,relateur
681,débutant
682,barbarin
683,ulcéreux
684,jobard
685,malawien
686,confédérateur
687,co-électeur
688,closier
689,ingriste
690,caqueur
691,affiant
692,sud-vietnamien
693,suprémaciste
694,cubain
695,maghrébin
696,bavardin
697,néo-conservateur
698,bucheur
699,noniste
700,consolidateur
701,louangeur
702,mutilateur
703,michetonneur
704,tweeteur
705,équitateur
706,goudronneur
707,jussif
708,climatologiste
709,calomniateur
710,perturbateur
711,affameur
712,félatier
713,valencien
714,semalier
715,gravillonneur
716,coadministrateur
717,cuisiniste
718,resquilleur
719,étentier
720,gazeur
721,saintongeois
722,ignorantin
723,liaveur
724,paulinien
725,buffeteur
726,bonimenteur
727,marnais
728,tuberculeux
729,salvateur
730,capétien
731,cymbaliste
732,courailleux
733,imposeur
734,takfiriste
735,nivo-glaciaire
736,écrémeur
737,errhin
738,clarificateur
739,empeseur
740,intellectualiste
741,monopoleur
742,cap-verdien
743,nigérien
744,romanticiste
745,péruvien
746,afro-cubain
747,bibliomancien
748,flambard
749,borussien
750,profès
751,sorbonien
752,similiste
753,billonneur
754,botswanais
755,phonétiste
756,bigleux
757,géôlier
758,milanais
759,pancatalaniste
760,bœotien
761,pythagoriste
762,braqueur
763,limbourgeois
764,malin
765,vociférateur
766,zapateriste
767,ralouseur
768,saliniste
769,conclueur
770,politicard
771,pelleteur
772,violoneur
773,coupleteur
774,keuf
775,cornemuseux
776,grésilleur
777,séniornaute
778,indivisaire
779,agrippeur
780,sans-papier
781,fouin
782,bribeur
783,diafoireux
784,chromateur
785,psychonaute
786,koriste
787,cynégéticien
788,quitteur
789,vauclusien
790,ptéridographe
791,zapatiste
792,sarkozien
793,formaliste
794,primo-délinquant
795,transpédégouine
796,urgencier
797,québecois
798,filtier
799,étapiste
800,chialeux
801,décroissant
802,césaro-papiste
803,chambreur
804,tuciste
805,celtisant
806,dément
807,godailleur
808,andaineur
809,libournais
810,sarrois
811,quinologiste
812,radio-amateur
813,néosocialiste
814,nazillon
815,boomeur
816,sitariste
817,visitateur
818,droitiste
819,astrométriste
820,afro-américain
821,somoziste
822,démerdeur
823,bismarckien
824,oniste
825,délégant
826,agrographe
827,béarnais
828,spongiculteur
829,arbitragiste
830,antinomien
831,dix-neuvièmiste
832,unoviste
833,sanguinaire
834,thanatonaute
835,hesbignon
836,libérien
837,câlin
838,empaqueteur
839,cogneur
840,surinamais
841,covoitureur
842,fredonneur
843,mémoraliste
844,macaroniste
845,montois
846,exobiologiste
847,sémitisant
848,multiculturaliste
849,saint-sulpicien
850,sténodactylographe
851,janséniste
852,crêpeur
853,iranien
854,maldivien
855,effeuilleur
856,brigadiste
857,antiparasitaire
858,orgueilleux
859,regimbeur
860,gloseur
861,cyberharceleur
862,écailleur
863,œcuméniste
864,quanquanier
865,trentagénaire
866,je-m’en-foutiste
867,irvingien
868,ajiste
869,touranien
870,houthiste
871,exacteur
872,campinois
873,assimilateur
874,culiste
875,ethnobiologiste
876,affinitaire
877,mazzinien
878,codécouvreur
879,apanagiste
880,égrappeur
881,chougneur
882,modélisateur
883,héliciculteur
884,kickeur
885,tilleur
886,latino-américain
887,sorbonnien
888,franco-luxembourgeois
889,généraliste
890,hyperréaliste
891,vaccinateur
892,bioterroriste
893,bourleur
894,shooteur
895,caravagiste
896,débourreur
897,jécoraire
898,grainier
899,absoluteur
900,mélioriste
901,rangeur
902,fiscaliste
903,spationaute
904,trithéiste
905,cohabitationniste
906,thésauriseur
907,collectiviste
908,cybermarchand
909,sensationniste
910,quercinois
911,soulographe
912,henriquinquiste
913,carciste
914,léguiste
915,anarchosyndicaliste
916,messin
917,rucheur
918,pure-laine
919,interacteur
920,cathariste
921,malpatient
922,rebaptisateur
923,microéconomiste
924,finissant
925,tenailleur
926,radoteux
927,costaricien
928,pommiculteur
929,toreuticien
930,scoreur
931,maugrabin
932,assassien
933,byzantinisant
934,narcoterroriste
935,israélien
936,sankariste
937,procréateur
938,afro-descendant
939,antichasseur
940,burundais
941,picoteux
942,échaudeur
943,martyriseur
944,crucificteur
945,herseur
946,autosoliste
947,invocateur
948,prioriste
949,anti-belliciste
950,anti-chasseur
951,exagéreur
952,bécoteur
953,réunionnais
954,boursilleur
955,postimpressionniste
956,redistributeur
957,diachronicien
958,gréciste
959,coprocureur
960,verbicruciste
961,calédonien
962,antimondialiste
963,kirchneriste
964,khadafiste
965,pannonien
966,galabard
967,vyomanaute
968,alimenteur
969,ubiquitaire
970,parodontologiste
971,audien
972,chichiteux
973,pastorien
974,wagnérien
975,concussionnaire
976,constructiviste
977,bonisseur
978,fausseur
979,ouest-allemand
980,quadratoriste
981,puseyiste
982,brejnévien
983,ilien
984,cithariste
985,égosilleur
986,cloutier
987,cocufieur
988,solfégiste
989,impatient
990,étoupier
991,zurichois
992,paracelsiste
993,prometteur
994,résurrectioniste
995,préconisateur
996,ouralien
997,chiraquien
998,cheguevariste
999,augmentateur
1000,vélocipédiste
1001,tribaliste
1002,luministe
1003,essoreur
1004,comporteur
1005,bloggeur
1006,zététicien
1007,déniaiseur
1008,antenniste
1009,zaïrois
1010,assientiste
1011,autoporteur
1012,écrivaillon
1013,déceleur
1014,malherbologiste
1015,antoiniste
1016,chiffraine
1017,shamaniste
1018,grogneur
1019,copernicien
1020,aiguiseur
1021,condruzien
1022,jamaïcain
1023,étagiste
1024,bourlingueur
1025,agrimiste
1026,démocrate-chrétien
1027,architecturiste
1028,neurologiste
1029,malthusien
1030,chauffagiste
1031,sarrazin
1032,footballiste
1033,épouseur
1034,songeur
1035,consubstantiateur
1036,disséminateur
1037,motoneigiste
1038,alpiculteur
1039,kagibiste
1040,caqueteur
1041,écoterroriste
1042,étalonnier
1043,autocaravanier
1044,épeleur
1045,évaluateur
1046,trotzkiste
1047,miséreux
1048,codébiteur
1049,co-récipiendaire
1050,circulateur
1051,néofasciste
1052,embouteilleur
1053,hydroélectricien
1054,décathlonien
1055,aideur
1056,valentinois
1057,adorateur
1058,déconstructiviste
1059,caqueux
1060,gommeur
1061,papelard
1062,goudronnier
1063,poissard
1064,séparatiste
1065,gizengiste
1066,trattatiste
1067,cabaleux
1068,fil-de-fériste
1069,astronauticien
1070,éberneur
1071,cannaméliste
1072,réglementateur
1073,harnacheur
1074,tracassier
1075,agrairien
1076,biscuitier
1077,plaisantin
1078,pédodontiste
1079,vélineur
1080,nîmois
1081,faitier
1082,préservateur
1083,phonologiste
1084,fabiusien
1085,cryptocalviniste
1086,melonnier
1087,vrillier
1088,inscrivant
1089,contre-terroriste
1090,albanien
1091,écoféministe
1092,jusqu’au-boutiste
1093,je-m’en-fichiste
1094,transhumaniste
1095,watiste
1096,fouetteur
1097,internationaliste
1098,ennuyeux
1099,controversiste
1100,matelassier
1101,baqueteur
1102,dizenier
1103,quatorze-marsiste
1104,surjectif
1105,objectiviste
1106,togolais
1107,bécotteur
1108,vampiriste
1109,malien
1110,encaqueur
1111,aquiculteur
1112,marionniste
1113,antistalinien
1114,intégrationniste
1115,chapardeur
1116,réformiste
1117,liguorien
1118,mastérien
1119,audiotypiste
1120,badegoulien
1121,téléassistant
1122,haïtien
1123,pétrarquiste
1124,révolutionnariste
1125,phytographe
1126,tuttiste
1127,safariste
1128,haillonneux
1129,fraudeur
1130,carilloniste
1131,vélomobiliste
1132,envieux
1133,ébrancheur
1134,dékabriste
1135,inconscient
1136,évideur
1137,captateur
1138,stéarinier
1139,repriseur
1140,enjailleur
1141,bidochard
1142,inégalitaire
1143,castreur
1144,fibulanomiste
1145,inconstant
1146,racialiste
1147,assyro-babylonien
1148,vaniteux
1149,épithésiste
1150,gambien
1151,équatorien
1152,épandeur
1153,rubricateur
1154,cabochard
1155,motociste
1156,néozélandais
1157,sidecariste
1158,boustifailleur
1159,séquanais
1160,impudent
1161,simonien
1162,riziculteur
1163,puséyiste
1164,bicamériste
1165,affirmateur
1166,chevecier
1167,lumumbiste
1168,odaliste
1169,morbihannais
1170,dorgériste
1171,jordanien
1172,quiétiste
1173,picciniste
1174,anti-antifasciste
1175,teufteuf
1176,vice-champion
1177,frais-chier
1178,ibériste
1179,siroteur
1180,felquiste
1181,vapoteur
1182,colégataire
1183,nominateur
1184,abrutisseur
1185,microchirurgien
1186,multifonction
1187,opportuniste
1188,arminien
1189,bétonnier
1190,chieur
1191,youpin
1192,égyptisant
1193,saintongeais
1194,scribouilleur
1195,antiquiste
1196,cogérant
1197,caméronien
1198,passe-fleur
1199,tousseur
1200,indouiste
1201,nasserien
1202,déchaîneur
1203,irrégulier
1204,cabaliste
1205,déliteur
1206,bibliotechnicien
1207,altruiste
1208,ultra-nationaliste
1209,grainetier
1210,thématicien
1211,négateur
1212,annihilateur
1213,ânonneur
1214,blaireautin
1215,gaffeur
1216,clopeur
1217,goethien
1218,géantiste
1219,radiologiste
1220,casinotier
1221,indianisant
1222,bistrotier
1223,costumédien
1224,mélenchoniste
1225,renoueur
1226,mercaticien
1227,salafiste
1228,néo-fasciste
1229,acméiste
1230,diaboliste
1231,lyonnais
1232,aplaigneur
1233,divin
1234,néoplasticien
1235,insolent
1236,jamaïquain
1237,érasmien
1238,zimmerwaldien
1239,carnassier
1240,hotlineur
1241,cosméticien
1242,néogrammairien
1243,apprentier
1244,piaffeur
1245,vélibiste
1246,jaciste
1247,techniverrier
1248,guignoleux
1249,demi-finaliste
1250,émancipateur
1251,angolais
1252,spagiriste
1253,omanais
1254,post-moderniste
1255,copropriétaire
1256,florentin
1257,meusien
1258,césariste
1259,essentialiste
1260,trifouilleur
1261,kinésiste
1262,purgeur
1263,celtibérien
1264,parquetier
1265,gainier
1266,existentialiste
1267,antonien
1268,footeux
1269,télévangéliste
1270,dentelier
1271,winneur
1272,paoliste
1273,meurt-de-soif
1274,possesseur
1275,bersarien
1276,jobbiste
1277,pneumatologiste
1278,dispensateur
1279,martionaute
1280,agiographe
1281,rwandais
1282,sabbathien
1283,égotiste
1284,gameur
1285,raccoutreur
1286,anti-américain
1287,ski-alpiniste
1288,anti-mondialiste
1289,dijonnais
1290,calembourdier
1291,quartenaire
1292,manœuvrier
1293,faîtier
1294,floriculteur
1295,apathéiste
1296,antécien
1297,conversionniste
1298,digresseur
1299,avant-main
1300,cégétiste
1301,calabrais
1302,kolkhozien
1303,diéséliste
1304,récurseur
1305,bulgarisant
1306,foireux
1307,ivoirien
1308,supplétif
1309,pollueur
1310,grangier
1311,dé-jeûneur
1312,seizièmiste
1313,sécessioniste
1314,roliste
1315,flûteur
1316,césarien
1317,facebooker
1318,écriveux
1319,chicanier
1320,barricadeur
1321,isarien
1322,bénatier
1323,areligieux
1324,noétien
1325,harmoniciste
1326,rebouteux
1327,nasseriste
1328,équilleur
1329,truffier
1330,séropositif
1331,batailleur
1332,drogueur
1333,godanceur
1334,bloguiste
1335,quémand
1336,slovénisant
1337,russien
1338,bernardin
1339,podo-orthésiste
1340,inclusionniste
1341,consumériste
1342,avant-vente
1343,lithuanien
1344,quadeur
1345,abolitioniste
1346,visionnaire
1347,baraquier
1348,aconier
1349,homosexualiste
1350,furieux
1351,suzerain
1352,rider
1353,cobelligérant
1354,créditeur
1355,embrocheur
1356,néoplatonicien
1357,antifrançais
1358,oulipien
1359,paissonnier
1360,archéologiste
1361,ahurisseur
1362,éphébophobe
1363,sizenier
1364,cristallographe
1365,simplicitaire
1366,co-fondateur
1367,droniste
1368,facebookeur
1369,chalonnais
1370,bougonneur
1371,spinuleux
1372,éplaigneur
1373,autographiliste
1374,cartooniste
1375,prêcheur
1376,extra-parlementaire
1377,cancérologiste
1378,pyrénéiste
1379,affermateur
1380,indo-brésilien
1381,dénoyauteur
1382,saisissant
1383,antinomiste
1384,complotiste
1385,mieux-disant
1386,profanateur
1387,berbériste
1388,éthologiste
1389,borain
1390,sociétaliste
1391,condamnateur
1392,bourbonnien
1393,péroniste
1394,dévaliseur
1395,tritureur
1396,officiant
1397,tatillon
1398,ataturkiste
1399,jersiais
1400,khâgneux
1401,feuilletonniste
1402,artémonien
1403,algérois
1404,anti-dreyfusard
1405,brevetaire
1406,bétonneur
1407,stercoriste
1408,amoraliste
1409,maratiste
1410,cauchois
1411,frangeur
1412,canneur
1413,bazardier
1414,asianisant
1415,chouraveur
1416,aviveur
1417,connoisseur
1418,primitif
1419,ratoureux
1420,chanceux
1421,fréteur
1422,tolekiste
1423,davidien
1424,recommenceur
1425,laconien
1426,coréanisant
1427,valencianiste
1428,glaineur
1429,déforain
1430,refuseur
1431,prédécesseresse
1432,ultra-traileur
1433,émeutier
1434,souverainiste
1435,nymphante
1436,électromobiliste
1437,mésolithicien
1438,chambriste
1439,philippien
1440,haute-lissier
1441,lofteur
1442,troubleur
1443,liniculteur
1444,rentrayeur
1445,tavernier
1446,excitateur
1447,coindivisaire
1448,libérateur
1449,cultoriste
1450,hirudiniculteur
1451,écriveur
1452,cohéritier
1453,préadolescent
1454,étoffeur
1455,monténégrin
1456,baseballeur
1457,indifférentiste
1458,germanopratin
1459,exciteur
1460,écriturier
1461,tennissiste
1462,néolithicien
1463,sextrémiste
1464,électro-acousticien
1465,heureux
1466,alphabétisateur
1467,bonapartiste
1468,cancanier
1469,ichthyologiste
1470,tayloriste
1471,démochrétien
1472,zélandais
1473,essarteur
1474,terminaliste
1475,rageux
1476,clunisien
1477,pauliste
1478,fouacier
1479,sioniste
1480,péripatéticien
1481,side-cariste
1482,bourdonnier
1483,démoralisateur
1484,huit-marsiste
1485,albigeois
1486,bouquinier
1487,castanéiculteur
1488,chaviste
1489,attractionniste
1490,néokantien
1491,raniculteur
1492,cétologiste
1493,micro-travailleur
1494,dynamicien
1495,lavandier
1496,chagrinier
1497,malebranchiste
1498,castard
1499,guyanais
1500,capverdien
1501,exigeur
1502,hervien
1503,poltron
1504,tubiste
1505,néphaliste
1506,partouzeur
1507,pancaliste
1508,proscripteur
1509,cyclonomiste
1510,charadiste
1511,américanisant
1512,anatomopathologiste
1513,immigrant
1514,citationniste
1515,colossien
1516,optimiseur
1517,paganiste
1518,ulmiste
1519,mélanésien
1520,escrologiste
1521,étincelleur
1522,genevois
1523,disetteux
1524,validateur
1525,primodélinquant
1526,important
1527,écornifleux
1528,granitier
1529,rectificateur
1530,interpositeur
1531,amuseur
1532,thésaurisateur
1533,hétérosexiste
1534,neurolinguiste
1535,souchien
1536,vandaliste
1537,homousien
1538,anversois
1539,apostilleur
1540,utraquiste
1541,proudhonien
1542,proportionnaliste
1543,berbérisant
1544,érémiste
1545,réorganisateur
1546,franco-algérien
1547,écaillon
1548,cervoliste
1549,légaliste
1550,subjugueur
1551,tandemiste
1552,noircisseur
1553,sandiniste
1554,basse-lissier
1555,échardonneur
1556,vermicellier
1557,doloriste
1558,emphysémateux
1559,deutéragoniste
1560,fayencier
1561,vitupérateur
1562,péninsulaire
1563,découenneur
1564,résignataire
1565,hacheur
1566,sulpicien
1567,grognon
1568,localiste
1569,dépressif
1570,sauveur
1571,loubard
1572,schtroumpfiste
1573,couche-tard
1574,sandaliste
1575,ludographe
1576,guesdiste
1577,promulgateur
1578,bambochard
1579,lorrain
1580,disserteur
1581,camorriste
1582,beethovénien
1583,copartageant
1584,codonataire
1585,dealeur
1586,behaviouriste
1587,dédoreur
1588,doriotiste
1589,boycotteur
1590,caravaniste
1591,artiviste
1592,garçonnier
1593,morsiste
1594,antimilitariste
1595,interniste
1596,brifeur
1597,leveur
1598,crayonneur
1599,geigneur
1600,éperonnier
1601,einsteinien
1602,pépiste
1603,vingtièmiste
1604,goaleur
1605,pelleteux
1606,ismaïlien
1607,brechtien
1608,cabotier
1609,quarreur
1610,phraseur
1611,baissier
1612,miauleur
1613,variqueux
1614,conservatiste
1615,miskine
1616,sensibilisateur
1617,wikidémicien
1618,pakistanais
1619,basketteur
1620,allergologiste
1621,travaillant
1622,écotouriste
1623,haïsseur
1624,germanophobe
1625,linuxien
1626,sénégambien
1627,pollinisateur
1628,rouscailleur
1629,hurdleur
1630,géopoliticien
1631,bandier
1632,napolitain
1633,forézien
1634,ilotier
1635,postmoderniste
1636,moscoutaire
1637,dépoussiéreur
1638,futuriste
1639,beveridgien
1640,antipéroniste
1641,billardiste
1642,mauritanien
1643,impérator
1644,grincheux
1645,hanovrien
1646,pagano-chrétien
1647,éventaillier
1648,cuniculteur
1649,césaropapiste
1650,cosplayeur
1651,démystificateur
1652,marconiste
1653,corpsard
1654,néocolonialiste
1655,échoppier
1656,kémaliste
1657,rhumatologiste
1658,reliquiaire
1659,cybermilitant
1660,herméneuticien
1661,élitiste
1662,bushiste
1663,fédérateur
1664,dévoreur
1665,stripteaseur
1666,goitreux
1667,staracadémicien
1668,distilleur
1669,potagiste
1670,andrologiste
1671,paraschiste
1672,libertaire
1673,pleurard
1674,vichyssois
1675,enduriste
1676,piémontais
1677,figuriniste
1678,esquisseur
1679,biaiseur
1680,bikeur
1681,new-yorkais
1682,remetteur
1683,nassérien
1684,cnamien
1685,austronésien
1686,kimbanguiste
1687,atomicien
1688,ripolineur
1689,divorciaire
1690,réactionnaire
1691,marcheux
1692,rhodanien
1693,serbisant
1694,fruitier
1695,hardeur
1696,drillier
1697,trinqueur
1698,glossographe
1699,morayeur
1700,quenelliste
1701,variabiliste
1702,diffamateur
1703,juntiste
1704,carnavalier
1705,biodynamiste
1706,marien
1707,arrocheur
1708,arlésien
1709,débordeur
1710,littéraliste
1711,générativiste
1712,naute
1713,sorbonniste
1714,accommodeur
1715,traditionnaire
1716,incestueux
1717,aide-cuisinier
1718,forumeur
1719,épousseteur
1720,champarteur
1721,protohistorien
1722,légitimiste
1723,reviseur
1724,bourdonniste
1725,aguicheur
1726,antirévisionniste
1727,micellaire
1728,glandeur
1729,cébiste
1730,travestisseur
1731,égomiste
1732,præsident
1733,possibiliste
1734,défecteur
1735,confiscateur
1736,étouffe-chrétien
1737,caquiste
1738,cannabiculteur
1739,patronier
1740,estriqueur
1741,vénézuélien
1742,oseur
1743,soufiste
1744,base-jumpeur
1745,négro-africain
1746,ultranationaliste
1747,merdiqueux
1748,frison
1749,hondurien
1750,marocain
1751,anglophonophobe
1752,vocabuliste
1753,baathiste
1754,routard
1755,cardiologiste
1756,internaute
1757,débirentier
1758,chichiteur
1759,shampoingneur
1760,street-artiste
1761,triathlonien
1762,défonceur
1763,grouleur
1764,langagier
1765,ergonomiste
1766,pindariseur
1767,sténo-dactylographe
1768,vulnéraire
1769,postalvéolaire
1770,giletier
1771,panhispaniste
1772,éconophysicien
1773,brutaliste
1774,mangeux
1775,islamo-délinquant
1776,abbevillien
1777,outrecuidant
1778,congrégationniste
1779,brétailleur
1780,cressiculteur
1781,bohémiste
1782,catoptrophobe
1783,capricieux
1784,flicaillon
1785,güleniste
1786,ressentimenteux
1787,anarcho-syndicaliste
1788,nougatier
1789,artien
1790,contrapétiste
1791,singapourien
1792,aidant
1793,gadouilleux
1794,néoréaliste
1795,finnois
1796,thessalonicien
1797,jardinaute
1798,climaticien
1799,novelliste
1800,stratégiste
1801,faciliteur
1802,préphilatéliste
1803,neuropathologiste
1804,engeôleur
1805,châtreur
1806,conchieur
1807,narbonnais
1808,viniculteur
1809,galériste
1810,tronçonneur
1811,peseur
1812,abyssinien
1813,missilier
1814,spéléoplongeur
1815,matheux
1816,infractionniste
1817,rogommiste
1818,statuaire
1819,post-impressionniste
1820,gangsterroriste
1821,futainier
1822,jovien
1823,envaselineur
1824,nu-propriétaire
1825,rockeur
1826,brimeur
1827,saphiste
1828,maitre-nageur
1829,marchéiste
1830,slavisant
1831,asparagiculteur
1832,bookmakeur
1833,chauviniste
1834,martiniquais
1835,non-figuratif
1836,galonnier
1837,contagionniste
1838,boiseux
1839,salopin
1840,flagellateur
1841,émigrant
1842,chanvriculteur
1843,balisticien
1844,locateur
1845,tritagoniste
1846,populaire
1847,stylographiste
1848,béninois
1849,combourgeois
1850,chuchoteur
1851,sulfuriste
1852,hacktiviste
1853,adoptien
1854,comtois
1855,souleveur
1856,maxwellien
1857,cantonais
1858,mâconnais
1859,vichyiste
1860,libriste
1861,fournituriste
1862,palestinien
1863,félon
1864,annamitisant
1865,chainier
1866,semigrossiste
1867,letton
1868,spontépariste
1869,tétragénaire
1870,parodiste
1871,basculier
1872,jaseur
1873,atérien
1874,piailleur
1875,crépinier
1876,indo-européaniste
1877,leadeur
1878,éprouveur
1879,effecteur
1880,castagneur
1881,connaisseur
1882,camoufleur
1883,sicilio-sarde
1884,conditionneur
1885,langoustier
1886,présomptueux
1887,ducon
1888,bandonéoniste
1889,dossiste
1890,cédant
1891,chigneux
1892,aventuriste
1893,ligneur
1894,tolékiste
1895,snobinard
1896,autocariste
1897,flutiste
1898,confident
1899,sahélien
1900,montréalais
1901,périgourdin
1902,euskarien
1903,valoisien
1904,dimanchier
1905,télésecrétaire
1906,zadiste
1907,ronronneur
1908,expansionniste
1909,ceintureur
1910,communicant
1911,crudivoriste
1912,reclusionnaire
1913,concettiste
1914,cyberjihadiste
1915,dévastateur
1916,extraordinaire
1917,divagueur
1918,baconiste
1919,décapeur
1920,arabiste
1921,pourchasseur
1922,corporatiste
1923,postillonneur
1924,solier
1925,e-marketeur
1926,gnochon
1927,cyberdissident
1928,nomographe
1929,tshisekediste
1930,gouailleur
1931,beuglant
1932,vérandaliste
1933,helvétisant
1934,agenouilliste
1935,duplessiste
1936,casanier
1937,basselissier
1938,hématologiste
1939,télémécanicien
1940,socio-historiographe
1941,cinquagénaire
1942,étatiste
1943,métisseur
1944,colonisateur
1945,rampeur
1946,pinardier
1947,élégant
1948,tiersmondiste
1949,indépendantiste
1950,photoréaliste
1951,antirévolutionnaire
1952,épicurien
1953,néocapitaliste
1954,cynologiste
1955,consulaire
1956,nervalien
1957,tecktonikeur
1958,whovien
1959,salmoniculteur
1960,monétariste
1961,wallingant
1962,décliniste
1963,guérillériste
1964,kabbaliste
1965,phytotechnicien
1966,faux-saunier
1967,masculiniste
1968,bellevillois
1969,multi-instrumentiste
1970,fatrassier
1971,acomoclitiste
1972,traitre
1973,apparieur
1974,boulonnier
1975,zambien
1976,entreteneur
1977,contagionnaire
1978,picoleur
1979,appointeur
1980,antifasciste
1981,œconomiste
1982,chorographe
1983,paludier
1984,photocomposeur
1985,amorceur
1986,arrière-cousin
1987,cartésien
1988,parlementariste
1989,désobéisseur
1990,puriste
1991,astrobiologiste
1992,maximaliste
1993,lèche-vitrine
1994,écofasciste
1995,rétif
1996,kantien
1997,affileur
1998,approbateur
1999,lésineux
2000,dialecticien
2001,comorien
2002,arthrologiste
2003,anticoncordataire
2004,bronzeur
2005,anticolonialiste
2006,erpétologiste
2007,insulaire
2008,esbrouffeur
2009,cocréancier
2010,omnipraticien
2011,gaînier
2012,irréaliste
2013,redevancier
2014,tubard
2015,circumnavigateur
2016,filetier
2017,dioscorien
2018,mitterrandien
2019,lamentateur
2020,pique-meuron
2021,hurleur
2022,leguiiste
2023,francilien
2024,composeur
2025,supplantateur
2026,magyarisant
2027,louviérois
2028,lucaniste
2029,sambiste
2030,ardoisier
2031,bolchéviste
2032,amapien
2033,frontiste
2034,parasitologiste
2035,belgicain
2036,ricardien
2037,néo-royaliste
2038,codemandeur
2039,vétillard
2040,salinier
2041,suspicieux
2042,déchaumeur
2043,azilien
2044,antiparticulariste
2045,connard
2046,tanzanien
2047,bisettier
2048,dix-septièmiste
2049,votard
2050,sermonneur
2051,fildefériste
2052,relationniste
2053,robotechnicien
2054,néo-communiste
2055,vulcanologiste
2056,ricaneur
2057,ougrien
2058,mochard
2059,malaisien
2060,platonicien
2061,traineur
2062,titiste
2063,franco-ontarien
2064,adultérateur
2065,francisant
2066,rocardien
2067,sado-masochiste
2068,aluminier
2069,ménin
2070,cliquard
2071,mimosiste
2072,soudanien
2073,rythmologiste
2074,zarbiste
2075,théreuticographe
2076,locomoteur
2077,robotiste
2078,confabulateur
2079,byronien
2080,acériculteur
2081,néoroyaliste
2082,extorqueur
2083,créationniste
2084,cafeteur
2085,paléomagnéticien
2086,corinthien
2087,chandeleur
2088,futurologiste
2089,véloveur
2090,estomaqueur
2091,dédaigneur
2092,trans-humaniste
2093,imposteur
2094,fructidorien
2095,briochiste
2096,gandhiste
2097,giraldien
2098,maffieux
2099,phytobactériologiste
2100,célestiste
2101,ceinturier
2102,plotinien
2103,singhalais
2104,névrographe
2105,bassoteur
2106,hémorrhoïdaire
2107,téléacteur
2108,quaternariste
2109,loler
2110,dîmier
2111,tamtamiste
2112,équilibreur
2113,bandériste
2114,paniquard
2115,cocardier
2116,ligérien
2117,mésopotamien
2118,anecdotiste
2119,axonais
2120,décabriste
2121,sanctificateur
2122,embryogéniste
2123,érecteur
2124,butineur
2125,bolivien
2126,turgotin
2127,berneur
2128,audionaute
2129,antirationaliste
2130,arrière-grand-oncle
2131,paléoethnologiste
2132,blesseur
2133,prépotent
2134,organicien
2135,moraliseur
2136,cochliophiliste
2137,malchanceux
2138,affaiteur
2139,salvadorien
2140,urologiste
2141,armoriste
2142,cloneur
2143,mauricien
2144,antenaire
2145,possédant
2146,dineur
2147,sous-précepteur
2148,bembiste
2149,semi-grossiste
2150,lillois
2151,bédéiste
2152,réconciliateur
2153,guedin
2154,agonisant
2155,pinochetiste
2156,impétrant
2157,sud-africain
2158,thermodynamicien
2159,codétenteur
2160,implorateur
2161,cimmérien
2162,roussiste
2163,charentais
2164,tricentenaire
2165,bocain
2166,islamiste
2167,macro-économiste
2168,ultra-conservateur
2169,basilien
2170,parconaute
2171,cédétiste
2172,calembourgiste
2173,bloquiste
2174,costaricain
2175,prévisionniste
2176,européiste
2177,formulateur
2178,moulinier
2179,divisionnaire
2180,feignant
2181,ressembleur
2182,irakien
2183,bicycliste
2184,carliste
2185,looseur
2186,carpiste
2187,ultramarin
2188,foudrier
2189,beyliste
2190,aéraulicien
2191,néo-louvaniste
2192,contrepointiste
2193,poêlier
2194,marsionaute
2195,corpulent
2196,prébendaire
2197,explicateur
2198,catastrophiste
2199,euthanasiste
2200,planchiste
2201,gouvernementaliste
2202,koweïtien
2203,préventiste
2204,herscheur
2205,autheur
2206,feignard
2207,scandinavisant
2208,phéniciculteur
2209,chasseron
2210,généralisateur
2211,blocard
2212,bureauticien
2213,azerbaïdjanais
2214,clairvoyant
2215,russisant
2216,criminologiste
2217,finlandais
2218,requérant
2219,eczémateux
2220,butteur
2221,visionneur
2222,gabonais
2223,allusionniste
2224,fonctionnaliste
2225,félicien
2226,mistouflard
2227,spéléologiste
2228,spiritiste
2229,thébain
2230,archimillionnaire
2231,léonais
2232,ouattariste
2233,mixtionneur
2234,rouspéteux
2235,scissionniste
2236,corrupteur
2237,naturiste
2238,polygnathien
2239,babyboomeur
2240,bornoyeur
2241,angevin
2242,brigueur
2243,coprésentateur
2244,brigittin
2245,simplificateur
2246,auto-penseur
2247,suiviste
2248,abstractionniste
2249,critiqueur
2250,embrouilleur
2251,impénitent
2252,après-vente
2253,anti-impérialiste
2254,arcandier
2255,abéliste
2256,rhabdomancien
2257,compensateur
2258,régenteur
2259,réussisseur
2260,toulonnais
2261,costumadier
2262,conceptiste
2263,kayakeur
2264,citeur
2265,namibien
2266,cerf-voliste
2267,lyncheur
2268,écrivailleur
2269,théiculteur
2270,cuniculiculteur
2271,soûlon
2272,ératépiste
2273,balinais
2274,phoeniciculteur
2275,consignateur
2276,spoliateur
2277,narcotiseur
2278,sans-dessein
2279,étrusquisant
2280,épinceteur
2281,darioleur
2282,frigoriste
2283,jusnaturaliste
2284,querelleur
2285,aliénateur
2286,contremanifestant
2287,infographiste
2288,inerrantiste
2289,coupletier
2290,pendulier
2291,mussolinien
2292,éveilleur
2293,rurbain
2294,vocalisateur
2295,ascensionniste
2296,astrophotographe
2297,audiencier
2298,taôiste
2299,pomologiste
2300,micro-économiste
2301,byzantiniste
2302,luthérien
2303,nassériste
2304,farfouilleur
2305,mal-pensant
2306,blousard
2307,mayiste
2308,czar
2309,protéomicien
2310,œnotouriste
2311,peigneur
2312,lotharingiste
